# x_m, y_m, w_tr_right_m, w_tr_left_m
0.0,0.0,0.7333333333333334,0.7333333333333334
0.2025476454721152,-0.15474593490784408,0.7333333333333334,0.7333333333333334
0.40509106080358337,-0.3094961509218882,0.7333333333333334,0.7333333333333334
0.6076326923408014,-0.4642480487990825,0.7333333333333334,0.7333333333333334
0.8101750883612696,-0.6189987744686205,0.7333333333333334,0.7333333333333334
1.0127205932802876,-0.7737456777219146,0.7333333333333334,0.7333333333333334
1.2152704812366,-0.9284874844202147,0.7333333333333334,0.7333333333333334
1.417824599333562,-1.0832243474601646,0.7333333333333334,0.7333333333333334
1.6203827437089746,-1.2379564197384145,0.7333333333333334,0.7333333333333334
1.8229448124317313,-1.3926838541516204,0.7333333333333334,0.7333333333333334
2.0255106016396374,-1.5474070074586261,0.7333333333333334,0.7333333333333334
2.228079958436044,-1.7021259306249819,0.7333333333333334,0.7333333333333334
2.4306527299242977,-1.8568408784784431,0.7333333333333334,0.7333333333333334
2.633228763207749,-2.011552105846755,0.7333333333333334,0.7333333333333334
2.8358078034586494,-2.166259714661016,0.7333333333333334,0.7333333333333334
3.03838979971145,-2.3209640107145337,0.7333333333333334,0.7333333333333334
3.2409744971383945,-2.4756651469039515,0.7333333333333334,0.7333333333333334
3.443561742842842,-2.6303633270914677,0.7333333333333334,0.7333333333333334
3.646151434893687,-2.7850587041737356,0.7333333333333334,0.7333333333333334
3.8487433694287323,-2.939751583944053,0.7333333333333334,0.7333333333333334
4.051337342585778,-3.0944421192990768,0.7333333333333334,0.7333333333333334
4.253933201468169,-3.249130514100999,0.7333333333333334,0.7333333333333334
4.456530844144808,-3.4038169212464724,0.7333333333333334,0.7333333333333334
4.65913001578795,-3.558501646528795,0.7333333333333334,0.7333333333333334
4.861730614466489,-3.713184791879075,0.7333333333333334,0.7333333333333334
5.064332436318228,-3.8678666630905973,0.7333333333333334,0.7333333333333334
5.266935328446517,-4.0225473620944765,0.7333333333333334,0.7333333333333334
5.469539137954706,-4.17722714371845,0.7333333333333334,0.7333333333333334
5.672143711946146,-4.3319062118247285,0.7333333333333334,0.7333333333333334
5.8747487955930815,-4.486584719309958,0.7333333333333334,0.7333333333333334
6.077354337929971,-4.641262921001881,0.7333333333333334,0.7333333333333334
6.2799600841290575,-4.79594102076271,0.7333333333333334,0.7333333333333334
6.482565881293696,-4.950619222454638,0.7333333333333334,0.7333333333333334
6.685171627492785,-5.105297729939861,0.7333333333333334,0.7333333333333334
6.887777067898571,-5.25997669611504,0.7333333333333334,0.7333333333333334
7.090382100579959,-5.41465632484237,0.7333333333333334,0.7333333333333334
7.292986572640296,-5.569336921915142,0.7333333333333334,0.7333333333333334
7.495590229251834,-5.724018589264467,0.7333333333333334,0.7333333333333334
7.6981929684834745,-5.8787015307525445,0.7333333333333334,0.7333333333333334
7.9007946374385645,-6.033386001207117,0.7333333333333334,0.7333333333333334
8.103395083220454,-6.188072153524842,0.7333333333333334,0.7333333333333334
8.305994356794697,-6.342759885774613,0.7333333333333334,0.7333333333333334
8.508592407195737,-6.4974491979564375,0.7333333333333334,0.7333333333333334
8.711189438285778,-6.6521399371736605,0.7333333333333334,0.7333333333333334
8.91378534813372,-6.80683215439183,0.7333333333333334,0.7333333333333334
9.116380289636217,-6.961525696714301,0.7333333333333334,0.7333333333333334
9.318974262793255,-7.116220513175519,0.7333333333333334,0.7333333333333334
9.52156726760485,-7.270916552809936,0.7333333333333334,0.7333333333333334
9.724159456967646,-7.425613713686453,0.7333333333333334,0.7333333333333334
9.926750779916091,-7.5803119448395195,0.7333333333333334,0.7333333333333334
10.129341338381284,-7.735011246269145,0.7333333333333334,0.7333333333333334
10.331931132363229,-7.889711465078655,0.7333333333333334,0.7333333333333334
10.534520263793024,-8.044412550302523,0.7333333333333334,0.7333333333333334
10.737108732670672,-8.19911450194074,0.7333333333333334,0.7333333333333334
10.93969658996172,-8.35381716709666,0.7333333333333334,0.7333333333333334
11.142283937597265,-8.508520494804724,0.7333333333333334,0.7333333333333334
11.34487072461176,-8.663224434099387,0.7333333333333334,0.7333333333333334
11.547457103901857,-8.817928934015098,0.7333333333333334,0.7333333333333334
11.750043024502006,-8.972633892620765,0.7333333333333334,0.7333333333333334
11.952628588343307,-9.127339309916376,0.7333333333333334,0.7333333333333334
12.1552138463913,-9.282045033005293,0.7333333333333334,0.7333333333333334
12.357798798645995,-9.436751061887504,0.7333333333333334,0.7333333333333334
12.560383496072946,-9.591457243666374,0.7333333333333334,0.7333333333333334
12.76296804060324,-9.746163629307434,0.7333333333333334,0.7333333333333334
12.965552432236892,-9.90087006591405,0.7333333333333334,0.7333333333333334
13.168136721939439,-10.055576502520664,0.7333333333333334,0.7333333333333334
13.370720960676435,-10.210282939127275,0.7333333333333334,0.7333333333333334
13.573305199413433,-10.36498917187169,0.7333333333333334,0.7333333333333334
13.77588948911598,-10.519695251719453,0.7333333333333334,0.7333333333333334
13.978473880749627,-10.674401076739464,0.7333333333333334,0.7333333333333334
14.181058374314377,-10.829106595966183,0.7333333333333334,0.7333333333333334
14.383643071741323,-10.983811656502944,0.7333333333333334,0.7333333333333334
14.586227973030475,-11.138516309315312,0.7333333333333334,0.7333333333333334
14.788813129147377,-11.293220452472179,0.7333333333333334,0.7333333333333334
14.991398642023126,-11.447923984042447,0.7333333333333334,0.7333333333333334
15.193984460692166,-11.602626853060556,0.7333333333333334,0.7333333333333334
15.39657073805116,-11.757328957595425,0.7333333333333334,0.7333333333333334
15.59915747410011,-11.912030297647043,0.7333333333333334,0.7333333333333334
15.801744668839001,-12.066730822249854,0.7333333333333334,0.7333333333333334
16.00433242419895,-12.221430378507227,0.7333333333333334,0.7333333333333334
16.206920740179953,-12.376128915453586,0.7333333333333334,0.7333333333333334
16.409509769678646,-12.53082643308896,0.7333333333333334,0.7333333333333334
16.612099410763943,-12.685522778516678,0.7333333333333334,0.7333333333333334
16.814689816332486,-12.840218002702295,0.7333333333333334,0.7333333333333334
17.017280986384275,-12.994911901783619,0.7333333333333334,0.7333333333333334
17.219872971884868,-13.14960447576064,0.7333333333333334,0.7333333333333334
17.42246577283427,-13.304295673667811,0.7333333333333334,0.7333333333333334
17.62505954212911,-13.458985393574032,0.7333333333333334,0.7333333333333334
17.827654279769398,-13.613673584513757,0.7333333333333334,0.7333333333333334
18.030249985755145,-13.76836019552143,0.7333333333333334,0.7333333333333334
18.23284676201744,-13.923045124665947,0.7333333333333334,0.7333333333333334
18.435444608556285,-14.077728371947325,0.7333333333333334,0.7333333333333334
18.638043627302768,-14.232409784468906,0.7333333333333334,0.7333333333333334
18.840643818256908,-14.387089311265127,0.7333333333333334,0.7333333333333334
19.043245232384248,-14.541766901370453,0.7333333333333334,0.7333333333333334
19.245847920650338,-14.696442554784886,0.7333333333333334,0.7333333333333334
19.44845193402072,-14.851116067646219,0.7333333333333334,0.7333333333333334
19.65105732346096,-15.005787490919992,0.7333333333333334,0.7333333333333334
19.8536641399366,-15.160456722675129,0.7333333333333334,0.7333333333333334
20.056272383447638,-15.315123660980506,0.7333333333333334,0.7333333333333334
20.258882155925175,-15.469788305836142,0.7333333333333334,0.7333333333333334
20.461493457369205,-15.624450504345376,0.7333333333333334,0.7333333333333334
20.664106389710845,-15.779110256508217,0.7333333333333334,0.7333333333333334
20.86672095295007,-15.933767460393552,0.7333333333333334,0.7333333333333334
21.069337198052455,-16.088422065035843,0.7333333333333334,0.7333333333333334
21.27195517598354,-16.243074019469535,0.7333333333333334,0.7333333333333334
21.474574937708866,-16.397723221763524,0.7333333333333334,0.7333333333333334
21.677196534194,-16.552369671917813,0.7333333333333334,0.7333333333333334
21.87981986350783,-16.70701342089796,0.7333333333333334,0.7333333333333334
22.082437484680067,-16.861667261056994,0.7333333333333334,0.7333333333333334
22.285030387560553,-17.016363963243563,0.7333333333333334,0.7333333333333334
22.487578491722616,-17.171137980169444,0.7333333333333334,0.7333333333333334
22.69006161480847,-17.326023713580877,0.7333333333333334,0.7333333333333334
22.892459778322507,-17.48105566715518,0.7333333333333334,0.7333333333333334
23.094752901838035,-17.636268242638604,0.7333333333333334,0.7333333333333334
23.296920853962842,-17.791695994674026,0.7333333333333334,0.7333333333333334
23.498943554270202,-17.94737332500767,0.7333333333333334,0.7333333333333334
23.70093536945428,-18.10311711441849,0.7333333333333334,0.7333333333333334
23.905686204686294,-18.254412477730778,0.7333333333333334,0.7333333333333334
24.11844439037164,-18.39276442610906,0.7333333333333334,0.7333333333333334
24.341660095325384,-18.51429432830352,0.7333333333333334,0.7333333333333334
24.570017001098474,-18.627928137840243,0.7333333333333334,0.7333333333333334
24.798574711138468,-18.741804186636006,0.7333333333333334,0.7333333333333334
25.02686434238559,-18.85623897075616,0.7333333333333334,0.7333333333333334
25.25515835667001,-18.97025191301916,0.7333333333333334,0.7333333333333334
25.483730235132892,-19.08286060148368,0.7333333333333334,0.7333333333333334
25.713345989990383,-19.192019992491392,0.7333333333333334,0.7333333333333334
25.946085678233626,-19.292851918426386,0.7333333333333334,0.7333333333333334
26.18424585851008,-19.380011112407207,0.7333333333333334,0.7333333333333334
26.43012303850165,-19.448152358517962,0.7333333333333334,0.7333333333333334
26.684830662578662,-19.490302754073188,0.7333333333333334,0.7333333333333334
26.938842403036293,-19.484853109745387,0.7333333333333334,0.7333333333333334
27.176766001229765,-19.402865390120592,0.7333333333333334,0.7333333333333334
27.369906629349572,-19.238059874958555,0.7333333333333334,0.7333333333333334
27.47046094593385,-19.018236029286793,0.7333333333333334,0.7333333333333334
27.468369574590607,-18.769965863827206,0.7333333333333334,0.7333333333333334
27.40987697350458,-18.514039449588097,0.7333333333333334,0.7333333333333334
27.338091894432768,-18.26667942691998,0.7333333333333334,0.7333333333333334
27.2629614876261,-18.025791009787778,0.7333333333333334,0.7333333333333334
27.185186580362295,-17.785320561130913,0.7333333333333334,0.7333333333333334
27.10529114946065,-17.54420366543817,0.7333333333333334,0.7333333333333334
27.02375024481249,-17.302756920705985,0.7333333333333334,0.7333333333333334
26.941039069205797,-17.061296721068604,0.7333333333333334,0.7333333333333334
26.85757125904416,-16.820087271937105,0.7333333333333334,0.7333333333333334
26.77348982366082,-16.579162618298863,0.7333333333333334,0.7333333333333334
26.688863260754932,-16.33849325110046,0.7333333333333334,0.7333333333333334
26.603760017060125,-16.098049661288446,0.7333333333333334,0.7333333333333334
26.51824869220667,-15.857802492706035,0.7333333333333334,0.7333333333333334
26.43239763099707,-15.617722236299793,0.7333333333333334,0.7333333333333334
26.34627548402715,-15.377779484947384,0.7333333333333334,0.7333333333333334
26.259950596099426,-15.13794478056093,0.7333333333333334,0.7333333333333334
26.17349161780972,-14.898188614086985,0.7333333333333334,0.7333333333333334
26.08696689396054,-14.658481629368765,0.7333333333333334,0.7333333333333334
26.00044502418216,-14.418794317352832,0.7333333333333334,0.7333333333333334
25.913994455208208,-14.17909721995131,0.7333333333333334,0.7333333333333334
25.82768373570337,-13.939360930041856,0.7333333333333334,0.7333333333333334
25.741581261435744,-13.699555989536586,0.7333333333333334,0.7333333333333334
25.655755632035582,-13.459652940347608,0.7333333333333334,0.7333333333333334
25.570275243270952,-13.219622324387048,0.7333333333333334,0.7333333333333334
25.485208694772137,-12.979434683567012,0.7333333333333334,0.7333333333333334
25.400574537999304,-12.7390749320847,0.7333333333333334,0.7333333333333334
25.315993130570693,-12.498642656624776,0.7333333333333334,0.7333333333333334
25.230893709292143,-12.258292384734773,0.7333333333333334,0.7333333333333334
25.144704542623998,-12.018179051686595,0.7333333333333334,0.7333333333333334
25.056886007323154,-11.778448979574236,0.7333333333333334,0.7333333333333334
24.96833637120788,-11.538868542316605,0.7333333333333334,0.7333333333333334
24.881932792471,-11.298681309220965,0.7333333333333334,0.7333333333333334
24.80069666181171,-11.05709257446655,0.7333333333333334,0.7333333333333334
24.727649267998085,-10.813307785129227,0.7333333333333334,0.7333333333333334
24.665474813650732,-10.566719686681042,0.7333333333333334,0.7333333333333334
24.615426337781333,-10.317516953588017,0.7333333333333334,0.7333333333333334
24.57837698219208,-10.066099461555236,0.7333333333333334,0.7333333333333334
24.5551998377196,-9.812866984356726,0.7333333333333334,0.7333333333333334
24.546699242673608,-9.558236878881237,0.7333333333333334,0.7333333333333334
24.552575315758048,-9.302905640334732,0.7333333333333334,0.7333333333333334
24.571639030691994,-9.047794827791872,0.7333333333333334,0.7333333333333334
24.602676133247268,-8.79383237102106,0.7333333333333334,0.7333333333333334
24.64450544583764,-8.541920156394673,0.7333333333333334,0.7333333333333334
24.69646946190289,-8.292547758985766,0.7333333333333334,0.7333333333333334
24.758329917496834,-8.045874599034674,0.7333333333333334,0.7333333333333334
24.829860321715426,-7.8020508720171735,0.7333333333333334,0.7333333333333334
24.910834132689,-7.561226773409035,0.7333333333333334,0.7333333333333334
25.00102480854792,-7.323552498686049,0.7333333333333334,0.7333333333333334
25.100205858388108,-7.089178243323985,0.7333333333333334,0.7333333333333334
25.208150791305457,-6.858254253764172,0.7333333333333334,0.7333333333333334
25.32463306543032,-6.630930674516841,0.7333333333333334,0.7333333333333334
25.44954086234607,-6.407514827848342,0.7333333333333334,0.7333333333333334
25.583636728611427,-6.189511522587257,0.7333333333333334,0.7333333333333334
25.728085634767737,-5.9789769638473516,0.7333333333333334,0.7333333333333334
25.884054793840548,-5.777970159847652,0.7333333333333334,0.7333333333333334
26.052674621728325,-5.588508683815038,0.7333333333333334,0.7333333333333334
26.23359773724242,-5.4109371138328966,0.7333333333333334,0.7333333333333334
26.424526103734422,-5.243392455187409,0.7333333333333334,0.7333333333333334
26.623028307711678,-5.0838603454813525,0.7333333333333334,0.7333333333333334
26.826672935681458,-4.930326677145227,0.7333333333333334,0.7333333333333334
27.0333745792699,-4.781029112426433,0.7333333333333334,0.7333333333333334
27.2424440823102,-4.635222025328816,0.7333333333333334,0.7333333333333334
27.45354425672373,-4.492415942710421,0.7333333333333334,0.7333333333333334
27.66633791443185,-4.352121493360374,0.7333333333333334,0.7333333333333334
27.880488020252574,-4.213849306067808,0.7333333333333334,0.7333333333333334
28.09565728417617,-4.077109958656317,0.7333333333333334,0.7333333333333334
28.311508569089526,-3.9414140799150204,0.7333333333333334,0.7333333333333334
28.527704788845117,-3.8062721967019626,0.7333333333333334,0.7333333333333334
28.743909265019823,-3.6711957532550756,0.7333333333333334,0.7333333333333334
28.95990096002336,-3.535861118332011,0.7333333333333334,0.7333333333333334
29.175715753602933,-3.400311306856944,0.7333333333333334,0.7333333333333334
29.391423927251967,-3.2646387703375415,0.7333333333333334,0.7333333333333334
29.60709586439496,-3.128935858350351,0.7333333333333334,0.7333333333333334
29.822801999421998,-2.993294920471931,0.7333333333333334,0.7333333333333334
30.038612664792023,-2.8578084591754913,0.7333333333333334,0.7333333333333334
30.254598294895118,-2.7225687730720303,0.7333333333333334,0.7333333333333334
30.47082917122471,-2.587668364634756,0.7333333333333334,0.7333333333333334
30.687363904163238,-2.453183580257535,0.7333333333333334,0.7333333333333334
30.904175329072586,-2.3190750235702335,0.7333333333333334,0.7333333333333334
31.12119836294544,-2.1852520268594486,0.7333333333333334,0.7333333333333334
31.338367769877824,-2.051623718549565,0.7333333333333334,0.7333333333333334
31.555618313965777,-1.918099328996085,0.7333333333333334,0.7333333333333334
31.772884810270856,-1.7845879356578493,0.7333333333333334,0.7333333333333334
31.990101971923565,-1.6509986669592482,0.7333333333333334,0.7333333333333334
32.20720456301993,-1.5172407022902348,0.7333333333333334,0.7333333333333334
32.42412739862153,-1.3832231700751867,0.7333333333333334,0.7333333333333334
32.6408052428244,-1.2488551987385073,0.7333333333333334,0.7333333333333334
32.857172859724564,-1.1140459676701426,0.7333333333333334,0.7333333333333334
33.073165013418055,-0.9787046052944836,0.7333333333333334,0.7333333333333334
33.28871651896646,-0.8427402910014646,0.7333333333333334,0.7333333333333334
33.50376203853471,-0.7060621022499439,0.7333333333333334,0.7333333333333334
33.71823643814993,-0.5685792184298505,0.7333333333333334,0.7333333333333334
33.932074481908145,-0.4302007679655928,0.7333333333333334,0.7333333333333334
34.14521088293986,-0.29083593024709914,0.7333333333333334,0.7333333333333334
34.35747016685649,-0.15026086457888618,0.7333333333333334,0.7333333333333334
34.56711048405652,-0.006364424984307933,0.7333333333333334,0.7333333333333334
34.77122603370808,0.14436731031080172,0.7333333333333334,0.7333333333333334
34.96688334068568,0.3054814926192039,0.7333333333333334,0.7333333333333334
35.15115463800543,0.4805142137293091,0.7333333333333334,0.7333333333333334
35.3220887095865,0.6710695123955072,0.7333333333333334,0.7333333333333334
35.47981969675642,0.8746261738260376,0.7333333333333334,0.7333333333333334
35.62474987060115,1.0881327886127694,0.7333333333333334,0.7333333333333334
35.75728140027555,1.3085377434853536,0.7333333333333334,0.7333333333333334
35.87795538702372,1.5330424181635378,0.7333333333333334,0.7333333333333334
35.988276945467526,1.7606057393579528,0.7333333333333334,0.7333333333333334
36.09016090228513,1.9909330242586503,0.7333333333333334,0.7333333333333334
36.18552340925893,2.2237321892987194,0.7333333333333334,0.7333333333333334
36.276280720102484,2.458711354773443,0.7333333333333334,0.7333333333333334
36.36434903756378,2.6955784880814675,0.7333333333333334,0.7333333333333334
36.451644666321876,2.9340416585525317,0.7333333333333334,0.7333333333333334
36.54008370719369,3.1738087826197243,0.7333333333333334,0.7333333333333334
36.6315769605789,3.4145644344942405,0.7333333333333334,0.7333333333333334
36.72784741882552,3.6551933860115216,0.7333333333333334,0.7333333333333334
36.830389187996644,3.893604112931658,0.7333333333333334,0.7333333333333334
36.94068220573247,4.127645818080129,0.7333333333333334,0.7333333333333334
37.06020666450094,4.355167653316868,0.7333333333333334,0.7333333333333334
37.190442501942236,4.574018668570695,0.7333333333333334,0.7333333333333334
37.332869961489855,4.7820481176326455,0.7333333333333334,0.7333333333333334
37.48896892981846,4.977105101397089,0.7333333333333334,0.7333333333333334
37.66021959939598,5.157038771723955,0.7333333333333334,0.7333333333333334
37.84793586210077,5.3198729903784825,0.7333333333333334,0.7333333333333334
38.05121211107534,5.4659651277971095,0.7333333333333334,0.7333333333333334
38.26756158423972,5.597335101622023,0.7333333333333334,0.7333333333333334
38.49446337259545,5.7160386073114795,0.7333333333333334,0.7333333333333334
38.7293966690752,5.824131289358204,0.7333333333333334,0.7333333333333334
38.96984071757716,5.923668792254915,0.7333333333333334,0.7333333333333334
39.21327455813735,6.0167068624254325,0.7333333333333334,0.7333333333333334
39.45717748561952,6.105301093396926,0.7333333333333334,0.7333333333333334
39.699030272888365,6.191516201529999,0.7333333333333334,0.7333333333333334
39.936550733581534,6.278695170144213,0.7333333333333334,0.7333333333333334
40.16793708261073,6.372772325947632,0.7333333333333334,0.7333333333333334
40.39144553368352,6.479995382815122,0.7333333333333334,0.7333333333333334
40.60533245340417,6.606612054621553,0.7333333333333334,0.7333333333333334
40.80854841013312,6.757266220349603,0.7333333333333334,0.7333333333333334
41.00460406384933,6.926069167458434,0.7333333333333334,0.7333333333333334
41.1985655940826,7.103113447860525,0.7333333333333334,0.7333333333333334
41.386624600110984,7.2856825977421815,0.7333333333333334,0.7333333333333334
41.55480571654458,7.479398423059014,0.7333333333333334,0.7333333333333334
41.69634892380012,7.686849362163188,0.7333333333333334,0.7333333333333334
41.81362580181466,7.9065137875946325,0.7333333333333334,0.7333333333333334
41.90952604630626,8.136636904502128,0.7333333333333334,0.7333333333333334
41.98693914913078,8.375463867068913,0.7333333333333334,0.7333333333333334
42.048754856971875,8.621239778512686,0.7333333333333334,0.7333333333333334
42.097862712650915,8.87220984398222,0.7333333333333334,0.7333333333333334
42.13715236092044,9.12661916669522,0.7333333333333334,0.7333333333333334
42.16951339556744,9.382713002766016,0.7333333333333334,0.7333333333333334
42.19770636560633,9.638989856126775,0.7333333333333334,0.7333333333333334
42.224043068384,9.89482891541323,0.7333333333333334,0.7333333333333334
42.25073810994355,10.149800184280261,0.7333333333333334,0.7333333333333334
42.280005841500326,10.403473972176007,0.7333333333333334,0.7333333333333334
42.314060920062964,10.655420384686431,0.7333333333333334,0.7333333333333334
42.3551176968468,10.905209578363035,0.7333333333333334,0.7333333333333334
42.40539077789493,11.152411709757326,0.7333333333333334,0.7333333333333334
42.46709461635382,11.396597037351912,0.7333333333333334,0.7333333333333334
42.54243540895078,11.637335055146133,0.7333333333333334,0.7333333333333334
42.632628021500615,11.874128950958836,0.7333333333333334,0.7333333333333334
42.73696969003467,12.10635322459518,0.7333333333333334,0.7333333333333334
42.854538192926185,12.333367697781917,0.7333333333333334,0.7333333333333334
42.9844115124105,12.554532090314686,0.7333333333333334,0.7333333333333334
43.12566742686082,12.769206223920257,0.7333333333333334,0.7333333333333334
43.277383816581484,12.976749971290948,0.7333333333333334,0.7333333333333334
43.43863861284226,13.176523001256832,0.7333333333333334,0.7333333333333334
43.60850964498194,13.367885237475791,0.7333333333333334,0.7333333333333334
43.78613024382316,13.550302815811813,0.7333333333333334,0.7333333333333334
43.97097505647678,13.723898359378161,0.7333333333333334,0.7333333333333334
44.16264899799938,13.889044528276232,0.7333333333333334,0.7333333333333334
44.36075708537867,14.04611433936632,0.7333333333333334,0.7333333333333334
44.56490443753342,14.195480809508686,0.7333333333333334,0.7333333333333334
44.77469612241689,14.3375170574947,0.7333333333333334,0.7333333333333334
44.98973720798227,14.472596151150192,0.7333333333333334,0.7333333333333334
45.20963276218287,14.60109110733542,0.7333333333333334,0.7333333333333334
45.43398790393741,14.723374942910674,0.7333333333333334,0.7333333333333334
45.66243491680286,14.839527469927203,0.7333333333333334,0.7333333333333334
45.89469675204953,14.948654548776231,0.7333333333333334,0.7333333333333334
46.13051511627015,15.049660318202198,0.7333333333333334,0.7333333333333334
46.36963166509191,15.141448764052859,0.7333333333333334,0.7333333333333334
46.6117881051075,15.222923872175995,0.7333333333333334,0.7333333333333334
46.85672614290966,15.29298973035048,0.7333333333333334,0.7333333333333334
47.1041874341256,15.350550426355198,0.7333333333333334,0.7333333333333334
47.35391368534797,15.394509895072337,0.7333333333333334,0.7333333333333334
47.60562163005006,15.423841282601034,0.7333333333333334,0.7333333333333334
47.85873923089892,15.438318149002727,0.7333333333333334,0.7333333333333334
48.11250827340757,15.438229468945758,0.7333333333333334,0.7333333333333334
48.36616768901822,15.423872626414266,0.7333333333333334,0.7333333333333334
48.6189562053109,15.39554500539235,0.7333333333333334,0.7333333333333334
48.87011280469335,15.353544040829656,0.7333333333333334,0.7333333333333334
49.11887616378005,15.298167116710303,0.7333333333333334,0.7333333333333334
49.36448526497875,15.2297117189495,0.7333333333333334,0.7333333333333334
49.60617878490391,15.148475231531343,0.7333333333333334,0.7333333333333334
49.84341603003586,15.055097679832441,0.7333333333333334,0.7333333333333334
50.07694996540993,14.95223018983142,0.7333333333333334,0.7333333333333334
50.30800422291548,14.843255854735672,0.7333333333333334,0.7333333333333334
50.53780319892513,14.731558532235821,0.7333333333333334,0.7333333333333334
50.76754871207286,14.62045322556448,0.7333333333333334,0.7333333333333334
50.99785826096217,14.511464467218074,0.7333333333333334,0.7333333333333334
51.22872613745145,14.404207569225397,0.7333333333333334,0.7333333333333334
51.46011641082799,14.298204729555431,0.7333333333333334,0.7333333333333334
51.69199284458576,14.192987727700524,0.7333333333333334,0.7333333333333334
51.92431690876895,14.088332366206364,0.7333333333333334,0.7333333333333334
52.1570473212821,13.984273658405755,0.7333333333333334,0.7333333333333334
52.39014259616752,13.880858951294647,0.7333333333333334,0.7333333333333334
52.623561298433096,13.7781357447656,0.7333333333333334,0.7333333333333334
52.85726204405223,13.676151385814562,0.7333333333333334,0.7333333333333334
53.0912033980328,13.57495332336854,0.7333333333333334,0.7333333333333334
53.32534392538269,13.474589006354579,0.7333333333333334,0.7333333333333334
53.55964219110974,13.375105832734144,0.7333333333333334,0.7333333333333334
53.79421042135501,13.276782736962254,0.7333333333333334,0.7333333333333334
54.03085463134744,13.182451212098904,0.7333333333333334,0.7333333333333334
54.27240753732024,13.096622830559042,0.7333333333333334,0.7333333333333334
54.519539794945494,13.03245118920478,0.7333333333333334,0.7333333333333334
54.769051736030235,13.018170540170509,0.7333333333333334,0.7333333333333334
55.01720218341291,13.064316991602672,0.7333333333333334,0.7333333333333334
55.26001612998875,13.147986931135508,0.7333333333333334,0.7333333333333334
55.49480172830469,13.250976075904326,0.7333333333333334,0.7333333333333334
55.72113790098677,13.36903863883729,0.7333333333333334,0.7333333333333334
55.93930409214558,13.499627820436565,0.7333333333333334,0.7333333333333334
56.150398966141914,13.640730787271435,0.7333333333333334,0.7333333333333334
56.35560212062996,13.790387710083104,0.7333333333333334,0.7333333333333334
56.556093306160555,13.946638606716187,0.7333333333333334,0.7333333333333334
56.75294962866689,14.107700855129167,0.7333333333333334,0.7333333333333334
56.94668920393002,14.27275839493583,0.7333333333333334,0.7333333333333334
57.13764045395396,14.441323281960726,0.7333333333333334,0.7333333333333334
57.32613164784615,14.612907724925035,0.7333333333333334,0.7333333333333334
57.512468273113114,14.787045032287613,0.7333333333333334,0.7333333333333334
57.69642919023349,14.963754367095275,0.7333333333333334,0.7333333333333334
57.877266072037024,15.143541562431501,0.7333333333333334,0.7333333333333334
58.05420755492483,15.326933551117513,0.7333333333333334,0.7333333333333334
58.22648222433245,15.514457418871162,0.7333333333333334,0.7333333333333334
58.39331866569547,15.706640149479172,0.7333333333333334,0.7333333333333334
58.5539456173461,15.90400872672832,0.7333333333333334,0.7333333333333334
58.707591562788814,16.10709018537087,0.7333333333333334,0.7333333333333334
58.85348661642568,16.31641043891706,0.7333333333333334,0.7333333333333334
58.99247777473176,16.53119154921203,0.7333333333333334,0.7333333333333334
59.1301646736484,16.746823835157144,0.7333333333333334,0.7333333333333334
59.273015249191936,16.95799724706598,0.7333333333333334,0.7333333333333334
59.42749753930976,17.159401939114346,0.7333333333333334,0.7333333333333334
59.599564982791186,17.345918727600473,0.7333333333333334,0.7333333333333334
59.789975284467694,17.514355691094938,0.7333333333333334,0.7333333333333334
59.996473218752875,17.662638531713714,0.7333333333333334,0.7333333333333334
60.21676650810547,17.788706406478,0.7333333333333334,0.7333333333333334
60.448563792364105,17.89052186559642,0.7333333333333334,0.7333333333333334
60.68963461519965,17.967707814964715,0.7333333333333334,0.7333333333333334
60.937849330140885,18.022632878517985,0.7333333333333334,0.7333333333333334
61.19108751548098,18.057923260080926,0.7333333333333334,0.7333333333333334
61.447228953375465,18.0762050105816,0.7333333333333334,0.7333333333333334
61.70418059061789,18.07945110839064,0.7333333333333334,0.7333333333333334
61.959991618851866,18.066229472519314,0.7333333333333334,0.7333333333333334
62.21275735354368,18.034002222440993,0.7333333333333334,0.7333333333333334
62.46057311015969,17.98023091700808,0.7333333333333334,0.7333333333333334
62.70158578130275,17.902894364439625,0.7333333333333334,0.7333333333333334
62.93420829974659,17.80263916466815,0.7333333333333334,0.7333333333333334
63.156938914595656,17.680969820728958,0.7333333333333334,0.7333333333333334
63.368276078816585,17.53939124338172,0.7333333333333334,0.7333333333333334
63.566718194410406,17.379408241455028,0.7333333333333334,0.7333333333333334
63.750763663378216,17.202525776674108,0.7333333333333334,0.7333333333333334
63.91891088772104,17.010248708833092,0.7333333333333334,0.7333333333333334
64.06965832040557,16.8040818977261,0.7333333333333334,0.7333333333333334
64.20151348626622,16.585535452598922,0.7333333333333334,0.7333333333333334
64.31987766332395,16.35995800405931,0.7333333333333334,0.7333333333333334
64.44926726877344,16.143342745551802,0.7333333333333334,0.7333333333333334
64.61489358411785,15.952722822568253,0.7333333333333334,0.7333333333333334
64.81768892216284,15.797730571157366,0.7333333333333334,0.7333333333333334
65.04561511807312,15.683391347443427,0.7333333333333334,0.7333333333333334
65.28930363348651,15.609456286645889,0.7333333333333334,0.7333333333333334
65.54111564984167,15.572717158359334,0.7333333333333334,0.7333333333333334
65.79530806317396,15.5689111020527,0.7333333333333334,0.7333333333333334
66.04753687579678,15.59304940583217,0.7333333333333334,0.7333333333333334
66.29695376613083,15.638580142455082,0.7333333333333334,0.7333333333333334
66.54457473241482,15.698118046971102,0.7333333333333334,0.7333333333333334
66.79143340696781,15.7642700057352,0.7333333333333334,0.7333333333333334
67.03855491086206,15.829700496173844,0.7333333333333334,0.7333333333333334
67.2864796318239,15.890395522536506,0.7333333333333334,0.7333333333333334
67.53500763200078,15.947411957433026,0.7333333333333334,0.7333333333333334
67.78387664267258,16.00223407057536,0.7333333333333334,0.7333333333333334
68.03282434415355,16.056346182640958,0.7333333333333334,0.7333333333333334
68.28163020850893,16.1110082129908,0.7333333333333334,0.7333333333333334
68.53027369662205,16.16640898898754,0.7333333333333334,0.7333333333333334
68.77879364424207,16.22241798785769,0.7333333333333334,0.7333333333333334
69.02722904001466,16.278904737793315,0.7333333333333334,0.7333333333333334
69.27561871968896,16.33573851215872,0.7333333333333334,0.7333333333333334
69.52400172287618,16.39278883914598,0.7333333333333334,0.7333333333333334
69.77241698725653,16.449925145016042,0.7333333333333334,0.7333333333333334
70.0209033485791,16.50701680506432,0.7333333333333334,0.7333333333333334
70.26949775686762,16.563937577623545,0.7333333333333334,0.7333333333333334
70.51819873412117,16.620643071699657,0.7333333333333334,0.7333333333333334
70.76697080831691,16.67716147124182,0.7333333333333334,0.7333333333333334
71.0157772332933,16.733523661373294,0.7333333333333334,0.7333333333333334
71.26458131385444,16.789760323355193,0.7333333333333334,0.7333333333333334
71.51334635480428,16.845902342310772,0.7333333333333334,0.7333333333333334
71.76203560998131,16.901980450466688,0.7333333333333334,0.7333333333333334
72.010612333224,16.958025481980673,0.7333333333333334,0.7333333333333334
72.2590398803019,17.014068169079366,0.7333333333333334,0.7333333333333334
72.50729123947353,17.07014230192238,0.7333333333333334,0.7333333333333334
72.75542435856924,17.126307561168748,0.7333333333333334,0.7333333333333334
73.00354096482671,17.1826369804516,0.7333333333333334,0.7333333333333334
73.25174324417374,17.239203746300685,0.7333333333333334,0.7333333333333334
73.50013328060685,17.29608109621133,0.7333333333333334,0.7333333333333334
73.74881326005378,17.35334206381663,0.7333333333333334,0.7333333333333334
73.99788526651112,17.411059937577456,0.7333333333333334,0.7333333333333334
74.24745148590658,17.469307853058037,0.7333333333333334,0.7333333333333334
74.49753536239315,17.52830486019216,0.7333333333333334,0.7333333333333334
74.74404798086184,17.59589919498614,0.7333333333333334,0.7333333333333334
74.97685239535352,17.691158547686793,0.7333333333333334,0.7333333333333334
75.18770788416165,17.82846616098052,0.7333333333333334,0.7333333333333334
75.37929161666078,17.99659773889952,0.7333333333333334,0.7333333333333334
75.55703142392342,18.179309133631158,0.7333333333333334,0.7333333333333334
75.72464687371779,18.37083552988658,0.7333333333333334,0.7333333333333334
75.88537499198513,18.568372497312843,0.7333333333333334,0.7333333333333334
76.04245265176993,18.76911565652252,0.7333333333333334,0.7333333333333334
76.19901693556982,18.970346963769853,0.7333333333333334,0.7333333333333334
76.35646669483495,19.170851909998948,0.7333333333333334,0.7333333333333334
76.51472578703373,19.370691500973113,0.7333333333333334,0.7333333333333334
76.67367138519067,19.569967260067894,0.7333333333333334,0.7333333333333334
76.83318076426144,19.76878065969329,0.7333333333333334,0.7333333333333334
76.99313094437395,19.96723312129376,0.7333333333333334,0.7333333333333334
77.15339920048386,20.165426168244856,0.7333333333333334,0.7333333333333334
77.31386265465015,20.363461272956574,0.7333333333333334,0.7333333333333334
77.4743986327941,20.561439856873374,0.7333333333333334,0.7333333333333334
77.63491672202998,20.759436482594854,0.7333333333333334,0.7333333333333334
77.7954059647646,20.95745996716119,0.7333333333333334,0.7333333333333334
77.9558672783778,21.155509393192443,0.7333333333333334,0.7333333333333334
78.11630158024953,21.35358374137765,0.7333333333333334,0.7333333333333334
78.27670983872522,21.55168194144024,0.7333333333333334,0.7333333333333334
78.43709297118478,21.74980307600033,0.7333333333333334,0.7333333333333334
78.59745189500808,21.947946074781346,0.7333333333333334,0.7333333333333334
78.75778757854061,22.146109918472302,0.7333333333333334,0.7333333333333334
78.91810093916227,22.344293638727752,0.7333333333333334,0.7333333333333334
79.0783928942529,22.54249626720225,0.7333333333333334,0.7333333333333334
79.23866446312356,22.740716733619223,0.7333333333333334,0.7333333333333334
79.39891646122302,22.938954018667705,0.7333333333333334,0.7333333333333334
79.55914985689675,23.13720720496777,0.7333333333333334,0.7333333333333334
79.71936566945574,23.33547517127732,0.7333333333333334,0.7333333333333334
79.87956471434877,23.533757000216468,0.7333333333333334,0.7333333333333334
80.03974801088687,23.732051672474217,0.7333333333333334,0.7333333333333334
80.19991642548437,23.93035816873957,0.7333333333333334,0.7333333333333334
80.36007092648673,24.12867546970149,0.7333333333333334,0.7333333333333334
80.52021248223939,24.327002556049035,0.7333333333333334,0.7333333333333334
80.68034195915673,24.52533851040226,0.7333333333333334,0.7333333333333334
80.8404603765497,24.723682211519087,0.7333333333333334,0.7333333333333334
81.00056854986711,24.922032691054046,0.7333333333333334,0.7333333333333334
81.16066754938556,25.12038903162726,0.7333333333333334,0.7333333333333334
81.3207581905538,25.31875006103108,0.7333333333333334,0.7333333333333334
81.48084149268287,25.517114912851145,0.7333333333333334,0.7333333333333334
81.64091832218706,25.715482567776448,0.7333333333333334,0.7333333333333334
81.80098969837742,25.913851955530465,0.7333333333333334,0.7333333333333334
81.96105643670272,26.11222205680218,0.7333333333333334,0.7333333333333334
82.12111960743952,26.310591954211684,0.7333333333333334,0.7333333333333334
82.28118002603664,26.508960628448012,0.7333333333333334,0.7333333333333334
82.44123871180503,26.70732700923456,0.7333333333333334,0.7333333333333334
82.60129653115908,26.905690077260374,0.7333333333333334,0.7333333333333334
82.76135445244425,27.104048915145544,0.7333333333333334,0.7333333333333334
82.92141344400598,27.30240250357906,0.7333333333333334,0.7333333333333334
83.08147432129302,27.50074982324993,0.7333333333333334,0.7333333333333334
83.24153606499443,27.699092606986856,0.7333333333333334,0.7333333333333334
83.40159475076285,27.897436002310386,0.7333333333333334,0.7333333333333334
83.56164645425088,28.095785462534355,0.7333333333333334,0.7333333333333334
83.72168714918016,28.294146440972614,0.7333333333333334,0.7333333333333334
83.88171280927219,28.492524390939028,0.7333333333333334,0.7333333333333334
84.04171945921408,28.690924765747422,0.7333333333333334,0.7333333333333334
84.20170302176182,28.889353018711645,0.7333333333333334,0.7333333333333334
84.36165957256809,29.08781455218001,0.7333333333333334,0.7333333333333334
84.52158498342328,29.286314870431926,0.7333333333333334,0.7333333333333334
84.68147538094567,29.484859375815656,0.7333333333333334,0.7333333333333334
84.84132668789123,29.683453521645035,0.7333333333333334,0.7333333333333334
85.0011349289471,29.88210276123398,0.7333333333333334,0.7333333333333334
85.16089602686914,30.080812547896276,0.7333333333333334,0.7333333333333334
85.32060600634465,30.279588334945796,0.7333333333333334,0.7333333333333334
85.4802608920606,30.478435524730823,0.7333333333333334,0.7333333333333334
85.63985665773856,30.677359621530755,0.7333333333333334,0.7333333333333334
85.79938800296135,30.876366843142716,0.7333333333333334,0.7333333333333334
85.95854770739378,31.075654833969494,0.7333333333333334,0.7333333333333334
86.11633761073944,31.275858828625974,0.7333333333333334,0.7333333333333334
86.27166348264048,31.477675271352584,0.7333333333333334,0.7333333333333334
86.42343093984219,31.681800402527553,0.7333333333333334,0.7333333333333334
86.57071291899054,31.888855084480678,0.7333333333333334,0.7333333333333334
86.71384645526756,32.098889926003054,0.7333333333333334,0.7333333333333334
86.85374627836411,32.31169474516664,0.7333333333333334,0.7333333333333334
86.99132997204204,32.52705808590453,0.7333333333333334,0.7333333333333334
87.12725621506924,32.74483077205196,0.7333333333333334,0.7333333333333334
87.25184313288234,32.967344426554796,0.7333333333333334,0.7333333333333334
87.34181710322277,33.20019195790179,0.7333333333333334,0.7333333333333334
87.37510922750228,33.44637472733101,0.7333333333333334,0.7333333333333334
87.33817851971338,33.697627192912975,0.7333333333333334,0.7333333333333334
87.22402593184343,33.93582564831746,0.7333333333333334,0.7333333333333334
87.04304634649998,34.115071997237344,0.7333333333333334,0.7333333333333334
86.81228554863121,34.199448727017256,0.7333333333333334,0.7333333333333334
86.55790242221087,34.21800400962464,0.7333333333333334,0.7333333333333334
86.30304699803891,34.20789555340803,0.7333333333333334,0.7333333333333334
86.05165437719454,34.178374319205666,0.7333333333333334,0.7333333333333334
85.80322891970421,34.132255898825996,0.7333333333333334,0.7333333333333334
85.55727488366325,34.072356036974035,0.7333333333333334,0.7333333333333334
85.31329652716714,34.001490376423796,0.7333333333333334,0.7333333333333334
85.07079810831117,33.922474661880294,0.7333333333333334,0.7333333333333334
84.82928398712191,33.83812458708302,0.7333333333333334,0.7333333333333334
84.5882583707292,33.75125574384041,0.7333333333333334,0.7333333333333334
84.34722674040155,33.66467720037045,0.7333333333333334,0.7333333333333334
84.10586291661917,33.580233247030144,0.7333333333333334,0.7333333333333334
83.86418305546141,33.49780559277796,0.7333333333333334,0.7333333333333334
83.62224495186192,33.41703763166071,0.7333333333333334,0.7333333333333334
83.38010650268544,33.337572757725276,0.7333333333333334,0.7333333333333334
83.13782540093462,33.25905426308734,0.7333333333333334,0.7333333333333334
82.89545954347415,33.18112559275925,0.7333333333333334,0.7333333333333334
82.65306667427224,33.10343008982231,0.7333333333333334,0.7333333333333334
82.41070469019357,33.02561104639222,0.7333333333333334,0.7333333333333334
82.1684241490638,32.94735344440459,0.7333333333333334,0.7333333333333334
81.92622841460916,32.86861498245295,0.7333333333333334,0.7333333333333334
81.68410189137138,32.78946354664985,0.7333333333333334,0.7333333333333334
81.44202888196111,32.70996727793561,0.7333333333333334,0.7333333333333334
81.19999358705779,32.63019436821612,0.7333333333333334,0.7333333333333334
80.95798036023763,32.550213009397204,0.7333333333333334,0.7333333333333334
80.71597345314566,32.47009139338477,0.7333333333333334,0.7333333333333334
80.47395721935804,32.389897559188036,0.7333333333333334,0.7333333333333334
80.23191585955426,32.30969985160948,0.7333333333333334,0.7333333333333334
79.989833676345,32.229566309658345,0.7333333333333334,0.7333333333333334
79.7476949723408,32.14956517620605,0.7333333333333334,0.7333333333333334
79.50548405015228,32.06976464315847,0.7333333333333334,0.7333333333333334
79.26318521239006,31.99023280049035,0.7333333333333334,0.7333333333333334
79.02078265973358,31.91103789107312,0.7333333333333334,0.7333333333333334
78.77826074575914,31.832248055847106,0.7333333333333334,0.7333333333333334
78.53560377307724,31.7539314357526,0.7333333333333334,0.7333333333333334
78.29279599333293,31.676156273661046,0.7333333333333334,0.7333333333333334
78.04982272844786,31.598986123613255,0.7333333333333334,0.7333333333333334
77.8066828062144,31.522427203406323,0.7333333333333334,0.7333333333333334
77.56338407532719,31.44644648736386,0.7333333333333334,0.7333333333333334
77.31993469027427,31.371010185326245,0.7333333333333334,0.7333333333333334
77.07634275457805,31.296084456168273,0.7333333333333334,0.7333333333333334
76.83261632079547,31.221635509730323,0.7333333333333334,0.7333333333333334
76.58876344148338,31.147629555852763,0.7333333333333334,0.7333333333333334
76.34479232209533,31.074032855341525,0.7333333333333334,0.7333333333333334
76.10071101518824,31.00081151610584,0.7333333333333334,0.7333333333333334
75.85652757331901,30.927931849917186,0.7333333333333334,0.7333333333333334
75.61225015097563,30.85535996468485,0.7333333333333334,0.7333333333333334
75.36788680071498,30.783062070249187,0.7333333333333334,0.7333333333333334
75.12344562605952,30.711004427416086,0.7333333333333334,0.7333333333333334
74.87893478149725,30.639153246025966,0.7333333333333334,0.7333333333333334
74.63436226861951,30.567474633988045,0.7333333333333334,0.7333333333333334
74.38973624191429,30.495934903073817,0.7333333333333334,0.7333333333333334
74.14506480490402,30.424500161192526,0.7333333333333334,0.7333333333333334
73.90035590821456,30.35313743363336,0.7333333333333334,0.7333333333333334
73.65561332329656,30.281835864734173,0.7333333333333334,0.7333333333333334
73.41083613277011,30.210609622917833,0.7333333333333334,0.7333333333333334
73.16602326635868,30.139474252677104,0.7333333333333334,0.7333333333333334
72.9211735008891,30.06844529850473,0.7333333333333334,0.7333333333333334
72.67628576608473,29.997538304893443,0.7333333333333334,0.7333333333333334
72.43135883877245,29.926768816335994,0.7333333333333334,0.7333333333333334
72.18639159771016,29.856152326359567,0.7333333333333334,0.7333333333333334
71.94138287069016,29.785704379456917,0.7333333333333334,0.7333333333333334
71.69633077198715,29.715442915501626,0.7333333333333334,0.7333333333333334
71.45122352855905,29.645413701557562,0.7333333333333334,0.7333333333333334
71.2060430986012,29.57568115807992,0.7333333333333334,0.7333333333333334
70.96077123644666,29.50630990938605,0.7333333333333334,0.7333333333333334
70.71538969642863,29.43736468172443,0.7333333333333334,0.7333333333333334
70.46988028384567,29.36891015037796,0.7333333333333334,0.7333333333333334
70.2242247020654,29.301010990629603,0.7333333333333334,0.7333333333333334
69.97840475638645,29.233731979693317,0.7333333333333334,0.7333333333333334
69.73240235403858,29.167137385127685,0.7333333333333334,0.7333333333333334
69.48620959536157,29.101253912880853,0.7333333333333334,0.7333333333333334
69.23983804953522,29.0360375796832,0.7333333333333334,0.7333333333333334
68.99330137532696,28.971436349708195,0.7333333333333334,0.7333333333333334
68.74661328246977,28.90739834002599,0.7333333333333334,0.7333333333333334
68.49978742973093,28.84387166770667,0.7333333333333334,0.7333333333333334
68.25283752684346,28.780804296923744,0.7333333333333334,0.7333333333333334
68.00577728354033,28.718144344747316,0.7333333333333334,0.7333333333333334
67.7586204095544,28.655839877281974,0.7333333333333334,0.7333333333333334
67.511380461722,28.593838960632294,0.7333333333333334,0.7333333333333334
67.26407125170725,28.532089660902827,0.7333333333333334,0.7333333333333334
67.01670643827744,28.470540095163724,0.7333333333333334,0.7333333333333334
66.76929968019998,28.409138227588453,0.7333333333333334,0.7333333333333334
66.52186473817339,28.34783217524712,0.7333333333333334,0.7333333333333334
66.27441516903396,28.28657005520988,0.7333333333333334,0.7333333333333334
66.02696478444575,28.22529988261574,0.7333333333333334,0.7333333333333334
65.77952719221058,28.16396967260373,0.7333333333333334,0.7333333333333334
65.53211610206141,28.102527644175087,0.7333333333333334,0.7333333333333334
65.28474384766129,28.040927265782646,0.7333333333333334,0.7333333333333334
65.0374068104562,27.979186681162243,0.7333333333333334,0.7333333333333334
64.79009128071326,27.91736490842071,0.7333333333333334,0.7333333333333334
64.54278329387164,27.855521883044847,0.7333333333333334,0.7333333333333334
64.29546893633632,27.79371743859031,0.7333333333333334,0.7333333333333334
64.04813429451208,27.732011357647227,0.7333333333333334,0.7333333333333334
63.80076545480384,27.67046352473682,0.7333333333333334,0.7333333333333334
63.553348503616384,27.60913377341477,0.7333333333333334,0.7333333333333334
63.30586947638909,27.54808198820228,0.7333333333333334,0.7333333333333334
63.0583145104923,27.487367900723914,0.7333333333333334,0.7333333333333334
62.810669641365386,27.42705149743202,0.7333333333333334,0.7333333333333334
62.562920955413176,27.367192458985617,0.7333333333333334,0.7333333333333334
62.315054488074935,27.307850771837,0.7333333333333334,0.7333333333333334
62.06705642768669,27.249086167610773,0.7333333333333334,0.7333333333333334
61.81891275872213,27.190958581793694,0.7333333333333334,0.7333333333333334
61.57060956758616,27.133527746010316,0.7333333333333334,0.7333333333333334
61.3221329916492,27.076853595747423,0.7333333333333334,0.7333333333333334
61.073469830833766,27.02099254986886,0.7333333333333334,0.7333333333333334
60.824626557764724,26.965914844493412,0.7333333333333334,0.7333333333333334
60.575630439011285,26.911499079681054,0.7333333333333334,0.7333333333333334
60.32650981141925,26.85761947245444,0.7333333333333334,0.7333333333333334
60.077292858937774,26.80415029080177,0.7333333333333334,0.7333333333333334
59.82800802034371,26.750965649814617,0.7333333333333334,0.7333333333333334
59.5786834286207,26.697939868446753,0.7333333333333334,0.7333333333333334
59.32934752254558,26.64494711275526,0.7333333333333334,0.7333333333333334
59.080028435101944,26.59186165072835,0.7333333333333334,0.7333333333333334
58.83075205678919,26.538569268568555,0.7333333333333334,0.7333333333333334
58.58151639995089,26.48508393083654,0.7333333333333334,0.7333333333333334
58.332302199609096,26.431499210282087,0.7333333333333334,0.7333333333333334
58.08309003788933,26.377909698965947,0.7333333333333334,0.7333333333333334
57.83386054788256,26.324410039914387,0.7333333333333334,0.7333333333333334
57.58459420978317,26.271094876153764,0.7333333333333334,0.7333333333333334
57.33527155475102,26.21805890167589,0.7333333333333334,0.7333333333333334
57.08587321587721,26.165396708541532,0.7333333333333334,0.7333333333333334
56.83637977528709,26.11320258301816,0.7333333333333334,0.7333333333333334
56.586779663800904,26.06153386134949,0.7333333333333334,0.7333333333333334
56.33707492004061,26.01038294966857,0.7333333333333334,0.7333333333333334
56.087268907732515,25.959735475690298,0.7333333333333334,0.7333333333333334
55.83736509253401,25.909577220026264,0.7333333333333334,0.7333333333333334
55.587366889136966,25.859893912322434,0.7333333333333334,0.7333333333333334
55.33727771223321,25.810671282224842,0.7333333333333334,0.7333333333333334
55.08710102748014,25.76189500841394,0.7333333333333334,0.7333333333333334
54.83684019860406,25.71355087150128,0.7333333333333334,0.7333333333333334
54.58649869126236,25.66562455016732,0.7333333333333334,0.7333333333333334
54.33607992014691,25.61810177405806,0.7333333333333334,0.7333333333333334
54.08558729994956,25.57096832378507,0.7333333333333334,0.7333333333333334
53.8350242453621,25.524209827063256,0.7333333333333334,0.7333333333333334
53.58439422204203,25.47781211546972,0.7333333333333334,0.7333333333333334
53.333700644681095,25.43176081671936,0.7333333333333334,0.7333333333333334
53.08294687700564,25.38604171142374,0.7333333333333334,0.7333333333333334
52.83213643563863,25.340640478263325,0.7333333333333334,0.7333333333333334
52.58127268430635,25.29554294881522,0.7333333333333334,0.7333333333333334
52.33035827321739,25.25073816548616,0.7333333333333334,0.7333333333333334
52.07939345719948,25.20622597537952,0.7333333333333334,0.7333333333333334
51.82837813432156,25.162008060358442,0.7333333333333334,0.7333333333333334
51.57731210072143,25.11808610228606,0.7333333333333334,0.7333333333333334
51.326195152536854,25.074461833991105,0.7333333333333334,0.7333333333333334
51.07502718783676,25.031136937336694,0.7333333333333334,0.7333333333333334
50.82380805372449,24.988113196117087,0.7333333333333334,0.7333333333333334
50.57253749537228,24.9453922412299,0.7333333333333334,0.7333333333333334
50.32121535988352,24.902975805503804,0.7333333333333334,0.7333333333333334
50.06984154532708,24.860865621767513,0.7333333333333334,0.7333333333333334
49.818415847840754,24.819063371884187,0.7333333333333334,0.7333333333333334
49.56693811452791,24.777570788682493,0.7333333333333334,0.7333333333333334
49.31540814152634,24.736389604991174,0.7333333333333334,0.7333333333333334
49.063825775939385,24.695521451707787,0.7333333333333334,0.7333333333333334
48.81219091583596,24.654968112626594,0.7333333333333334,0.7333333333333334
48.56050330638832,24.614731218645215,0.7333333333333334,0.7333333333333334
48.308762794699796,24.57481260452342,0.7333333333333334,0.7333333333333334
48.056969227873765,24.53521430888323,0.7333333333333334,0.7333333333333334
47.80512270784127,24.495940867658593,0.7333333333333334,0.7333333333333334
47.553223132671285,24.456997479335598,0.7333333333333334,0.7333333333333334
47.30127055332932,24.41838949529699,0.7333333333333334,0.7333333333333334
47.04926512271202,24.380122164994408,0.7333333333333334,0.7333333333333334
46.7972067388883,24.34220073787952,0.7333333333333334,0.7333333333333334
46.54509550378925,24.304630514369517,0.7333333333333334,0.7333333333333334
46.29293146838043,24.26741669295049,0.7333333333333334,0.7333333333333334
46.04071463266185,24.23056462500519,0.7333333333333334,0.7333333333333334
45.788445047599026,24.194079509019705,0.7333333333333334,0.7333333333333334
45.536122713191986,24.15796664541126,0.7333333333333334,0.7333333333333334
45.28374773137182,24.12223133459703,0.7333333333333334,0.7333333333333334
45.031320051172976,24.08687877506311,0.7333333333333334,0.7333333333333334
44.77883977452655,24.05191431819226,0.7333333333333334,0.7333333333333334
44.52630695239811,24.01734316247057,0.7333333333333334,0.7333333333333334
44.273721584787644,23.983170557349695,0.7333333333333334,0.7333333333333334
44.021083671695145,23.949401854212365,0.7333333333333334,0.7333333333333334
43.76839356987949,23.916039907129406,0.7333333333333334,0.7333333333333334
43.51565413341144,23.883063718294206,0.7333333333333334,0.7333333333333334
43.26286974532832,23.850438580167232,0.7333333333333334,0.7333333333333334
43.01004478866739,23.818129632312317,0.7333333333333334,0.7333333333333334
42.757183595500486,23.786102065258806,0.7333333333333334,0.7333333333333334
42.504290599830355,23.75432091663944,0.7333333333333334,0.7333333333333334
42.251370184694345,23.722751427949106,0.7333333333333334,0.7333333333333334
41.998426733129754,23.691358636820553,0.7333333333333334,0.7333333333333334
41.7454645772083,23.66010773378314,0.7333333333333334,0.7333333333333334
41.49248820189843,23.628963858400656,0.7333333333333334,0.7333333333333334
41.239501939271854,23.597892150236948,0.7333333333333334,0.7333333333333334
40.98651012140032,23.56685769789028,0.7333333333333334,0.7333333333333334
40.73351723325225,23.535825691889983,0.7333333333333334,0.7333333333333334
40.480527555933826,23.504761271799918,0.7333333333333334,0.7333333333333334
40.227545574413455,23.473629526218335,0.7333333333333334,0.7333333333333334
39.97457562076286,23.442395594709055,0.7333333333333334,0.7333333333333334
39.721622078019365,23.41102461683589,0.7333333333333334,0.7333333333333334
39.468689125358075,23.379483210163603,0.7333333333333334,0.7333333333333334
39.21577727243447,23.3477685206214,0.7333333333333334,0.7333333333333334
38.96288315552224,23.315906948364162,0.7333333333333334,0.7333333333333334
38.71000351282621,23.283925963823346,0.7333333333333334,0.7333333333333334
38.45713498062009,23.25185319032701,0.7333333333333334,0.7333333333333334
38.204274144212,23.21971620023771,0.7333333333333334,0.7333333333333334
37.95141763987566,23.18754246398687,0.7333333333333334,0.7333333333333334
37.698562103884775,23.155359604902596,0.7333333333333334,0.7333333333333334
37.44570422347858,23.1231950934163,0.7333333333333334,0.7333333333333334
37.19284058396524,23.091076552856094,0.7333333333333334,0.7333333333333334
36.93996777065292,23.059031504618954,0.7333333333333334,0.7333333333333334
36.6870825217464,23.027087521067404,0.7333333333333334,0.7333333333333334
36.43418142255381,22.99527212359845,0.7333333333333334,0.7333333333333334
36.1812611093489,22.96361288457462,0.7333333333333334,0.7333333333333334
35.92831821840536,22.932137376358458,0.7333333333333334,0.7333333333333334
35.67534938599688,22.900873069381376,0.7333333333333334,0.7333333333333334
35.42235124839717,22.869847586971503,0.7333333333333334,0.7333333333333334
35.16932044187992,22.83908814473249,0.7333333333333334,0.7333333333333334
34.91625645678961,22.808599176667204,0.7333333333333334,0.7333333333333334
34.663162911680345,22.778349338962403,0.7333333333333334,0.7333333333333334
34.41004398572718,22.748304076975202,0.7333333333333334,0.7333333333333334
34.15690380713968,22.718428836062714,0.7333333333333334,0.7333333333333334
33.90374640219627,22.688689061582068,0.7333333333333334,0.7333333333333334
33.65057589910654,22.659050198890373,0.7333333333333334,0.7333333333333334
33.39739642608001,22.62947769334475,0.7333333333333334,0.7333333333333334
33.14421211132623,22.599937041267854,0.7333333333333334,0.7333333333333334
32.89102698112364,22.570393586085718,0.7333333333333334,0.7333333333333334
32.63784521464735,22.540812824120994,0.7333333333333334,0.7333333333333334
32.38467088914138,22.511160251696356,0.7333333333333334,0.7333333333333334
32.13150813281523,22.481401212237813,0.7333333333333334,0.7333333333333334
31.878361022912927,22.45150125303361,0.7333333333333334,0.7333333333333334
31.625233687644023,22.42142571750971,0.7333333333333334,0.7333333333333334
31.3721302042525,22.391140101988825,0.7333333333333334,0.7333333333333334
31.119054700947917,22.36060990279361,0.7333333333333334,0.7333333333333334
30.86601125497427,22.32980046335007,0.7333333333333334,0.7333333333333334
30.612997470950713,22.29873655291551,0.7333333333333334,0.7333333333333334
30.35995061028521,22.26798735475204,0.7333333333333334,0.7333333333333334
30.10677552029598,22.23841551175856,0.7333333333333334,0.7333333333333334
29.853376742507894,22.210886215111458,0.7333333333333334,0.7333333333333334
29.59966330341427,22.186228572377743,0.7333333333333334,0.7333333333333334
29.345809658092648,22.163135826856017,0.7333333333333334,0.7333333333333334
29.09239880146923,22.137011599456198,0.7333333333333334,0.7333333333333334
28.840048639871906,22.102979098632208,0.7333333333333334,0.7333333333333334
28.589377079628573,22.056161583803515,0.7333333333333334,0.7333333333333334
28.345224675779278,21.98674905301416,0.7333333333333334,0.7333333333333334
28.132714947150063,21.863376287498127,0.7333333333333334,0.7333333333333334
27.98137641601694,21.668715000263703,0.7333333333333334,0.7333333333333334
27.901366618421147,21.42346576681339,0.7333333333333334,0.7333333333333334
27.887201916013073,21.171903277790918,0.7333333333333334,0.7333333333333334
27.950765028700612,20.940814363711386,0.7333333333333334,0.7333333333333334
28.075143191621013,20.726658600714607,0.7333333333333334,0.7333333333333334
28.221714303278315,20.51808733689088,0.7333333333333334,0.7333333333333334
28.376071422005385,20.312709472497506,0.7333333333333334,0.7333333333333334
28.532134561552358,20.10941446820055,0.7333333333333334,0.7333333333333334
28.68951862622359,19.90786172122951,0.7333333333333334,0.7333333333333334
28.84797306937541,19.70772856868749,0.7333333333333334,0.7333333333333334
29.00724744629525,19.508692551539813,0.7333333333333334,0.7333333333333334
29.16709126130495,19.310431159786194,0.7333333333333334,0.7333333333333334
29.327254018726407,19.11262178149531,0.7333333333333334,0.7333333333333334
29.48748532481258,18.914941957632468,0.7333333333333334,0.7333333333333334
29.64753458195425,18.717069178197423,0.7333333333333334,0.7333333333333334
29.80716209916987,18.51870396961851,0.7333333333333334,0.7333333333333334
29.966203002905257,18.31970826622085,0.7333333333333334,0.7333333333333334
30.124524324040546,18.12001275485648,0.7333333333333334,0.7333333333333334
30.28199314442139,17.919548224308514,0.7333333333333334,0.7333333333333334
30.438476647824555,17.718245565291202,0.7333333333333334,0.7333333333333334
30.59384191609571,17.516035719484318,0.7333333333333334,0.7333333333333334
30.7479561330116,17.31284957760212,0.7333333333333334,0.7333333333333334
30.90068643138346,17.1086179284277,0.7333333333333334,0.7333333333333334
31.051902441334448,16.903273548400673,0.7333333333333334,0.7333333333333334
31.201560485388214,16.696809302344032,0.7333333333333334,0.7333333333333334
31.349722894412405,16.489292311887088,0.7333333333333334,0.7333333333333334
31.49645857383058,16.28079408169647,0.7333333333333334,0.7333333333333334
31.64183642906629,16.071386167404324,0.7333333333333334,0.7333333333333334
31.78592541650868,15.861140022711732,0.7333333333333334,0.7333333333333334
31.928794339650192,15.650127305181966,0.7333333333333334,0.7333333333333334
32.07051215487997,15.438419417550525,0.7333333333333334,0.7333333333333334
32.211147716655994,15.226088017380684,0.7333333333333334,0.7333333333333334
32.35076753502101,15.01319818767976,0.7333333333333334,0.7333333333333334
32.48940478854805,14.799728522916752,0.7333333333333334,0.7333333333333334
32.627069058760505,14.58559564345193,0.7333333333333334,0.7333333333333334
32.763769213664084,14.370714691644553,0.7333333333333334,0.7333333333333334
32.89951417223,14.155000758888372,0.7333333333333334,0.7333333333333334
33.03431295536062,13.938369038508233,0.7333333333333334,0.7333333333333334
33.16817438009608,13.720734774794524,0.7333333333333334,0.7333333333333334
33.30110746733875,13.502013008175426,0.7333333333333334,0.7333333333333334
33.43307001761322,13.282104763552914,0.7333333333333334,0.7333333333333334
33.55641424242126,13.058803895165154,0.7333333333333334,0.7333333333333334
33.64788940303622,12.82558135930144,0.7333333333333334,0.7333333333333334
33.68565110411749,12.577300236248618,0.7333333333333334,0.7333333333333334
33.67001971511221,12.321655457638657,0.7333333333333334,0.7333333333333334
33.60895523947776,12.071813157858976,0.7333333333333334,0.7333333333333334
33.50099257054904,11.842388625745,0.7333333333333334,0.7333333333333334
33.34122749731404,11.648463637811071,0.7333333333333334,0.7333333333333334
33.13615252118417,11.50176327751903,0.7333333333333334,0.7333333333333334
32.9050439853679,11.40982499295144,0.7333333333333334,0.7333333333333334
32.66062936376398,11.369746092174973,0.7333333333333334,0.7333333333333334
32.40740198312047,11.367022034494328,0.7333333333333334,0.7333333333333334
32.14941095445184,11.386522014536062,0.7333333333333334,0.7333333333333334
31.89070498104814,11.413115787547817,0.7333333333333334,0.7333333333333334
31.63435998674707,11.434869820968323,0.7333333333333334,0.7333333333333334
31.380156717752627,11.450676990155479,0.7333333333333334,0.7333333333333334
31.12717911926954,11.46171964490315,0.7333333333333334,0.7333333333333334
30.874511187468105,11.469180338867444,0.7333333333333334,0.7333333333333334
30.621414533460282,11.47500463095311,0.7333333333333334,0.7333333333333334
30.367749460673583,11.4837084766124,0.7333333333333334,0.7333333333333334
30.11350195358176,11.500348168058402,0.7333333333333334,0.7333333333333334
29.85865814955521,11.529979997504205,0.7333333333333334,0.7333333333333334
29.603647688180263,11.577643030806994,0.7333333333333334,0.7333333333333334
29.354191044717243,11.648170178174299,0.7333333333333334,0.7333333333333334
29.119486532591342,11.746258934347408,0.7333333333333334,0.7333333333333334
28.908793521956568,11.876604245790054,0.7333333333333334,0.7333333333333334
28.73131226292898,12.043851112727028,0.7333333333333334,0.7333333333333334
28.590160674959446,12.247485955311234,0.7333333333333334,0.7333333333333334
28.477175453011697,12.477427481964162,0.7333333333333334,0.7333333333333334
28.382968386021385,12.722555315474446,0.7333333333333334,0.7333333333333334
28.298151262924154,12.971749333458428,0.7333333333333334,0.7333333333333334
28.214214824530487,13.215386220769725,0.7333333333333334,0.7333333333333334
28.12785543292543,13.45270806871463,0.7333333333333334,0.7333333333333334
28.03767846679945,13.686208061032408,0.7333333333333334,0.7333333333333334
27.942292006017166,13.918384325120675,0.7333333333333334,0.7333333333333334
27.84017518760174,14.151033804340464,0.7333333333333334,0.7333333333333334
27.729046080018552,14.381826251815793,0.7333333333333334,0.7333333333333334
27.6063454481756,14.606926204117691,0.7333333333333334,0.7333333333333334
27.469513700222,14.822496108229629,0.7333333333333334,0.7333333333333334
27.316142968749148,15.024861602826128,0.7333333333333334,0.7333333333333334
27.14772053043644,15.2145385102385,0.7333333333333334,0.7333333333333334
26.96986706999738,15.396488683515697,0.7333333333333334,0.7333333333333334
26.78840264937699,15.575888846465425,0.7333333333333334,0.7333333333333334
26.609146718933705,15.75791470358434,0.7333333333333334,0.7333333333333334
26.435827561544883,15.94578070307496,0.7333333333333334,0.7333333333333334
26.26557168853734,16.13650836723118,0.7333333333333334,0.7333333333333334
26.094205989713533,16.325899969494763,0.7333333333333334,0.7333333333333334
25.917557303910346,16.509757834273113,0.7333333333333334,0.7333333333333334
25.731627332766646,16.68386609127221,0.7333333333333334,0.7333333333333334
25.534346722056767,16.843807964000074,0.7333333333333334,0.7333333333333334
25.32484222804742,16.985041963263928,0.7333333333333334,0.7333333333333334
25.10225859784447,17.103024867042272,0.7333333333333334,0.7333333333333334
24.86603454784604,17.193828556536307,0.7333333333333334,0.7333333333333334
24.618795619324672,17.260190595297413,0.7333333333333334,0.7333333333333334
24.365118059978226,17.308929205566887,0.7333333333333334,0.7333333333333334
24.109606199522606,17.346921423830683,0.7333333333333334,0.7333333333333334
23.856828844685385,17.38099887626976,0.7333333333333334,0.7333333333333334
23.608315318724667,17.41412373161425,0.7333333333333334,0.7333333333333334
23.360278167759574,17.442489474867553,0.7333333333333334,0.7333333333333334
23.108393525495725,17.461606652663416,0.7333333333333334,0.7333333333333334
22.84833757660428,17.466985760670052,0.7333333333333334,0.7333333333333334
22.581397303153214,17.450061732420732,0.7333333333333334,0.7333333333333334
22.34004290799758,17.379618831107525,0.7333333333333334,0.7333333333333334
22.166338960706444,17.218890712840192,0.7333333333333334,0.7333333333333334
22.07657619160511,16.980945403322426,0.7333333333333334,0.7333333333333334
22.061770138716128,16.72586058321005,0.7333333333333334,0.7333333333333334
22.108195014947814,16.48295377740216,0.7333333333333334,0.7333333333333334
22.198552093327407,16.24991104799877,0.7333333333333334,0.7333333333333334
22.315396834443703,16.023128926754374,0.7333333333333334,0.7333333333333334
22.44168956921449,15.799086152855615,0.7333333333333334,0.7333333333333334
22.56892715431627,15.575993835498366,0.7333333333333334,0.7333333333333334
22.696736267095478,15.35371299162783,0.7333333333333334,0.7333333333333334
22.825066604554284,15.132170281817581,0.7333333333333334,0.7333333333333334
22.95386791466043,14.911292264710129,0.7333333333333334,0.7333333333333334
23.08308984345051,14.69100549894793,0.7333333333333334,0.7333333333333334
23.212682138892273,14.471236594139043,0.7333333333333334,0.7333333333333334
23.342594548953425,14.251912108925938,0.7333333333333334,0.7333333333333334
23.472776821601695,14.032958703882214,0.7333333333333334,0.7333333333333334
23.603178653839276,13.814302886684779,0.7333333333333334,0.7333333333333334
23.733749742668312,13.595871317907255,0.7333333333333334,0.7333333333333334
23.864439836056537,13.377590505226559,0.7333333333333334,0.7333333333333334
23.99519863100615,13.159387109216267,0.7333333333333334,0.7333333333333334
24.125975926450394,12.94118768851888,0.7333333333333334,0.7333333333333334
24.256721368425897,12.722918852742417,0.7333333333333334,0.7333333333333334
24.387384653934845,12.504507160529378,0.7333333333333334,0.7333333333333334
24.517915632876054,12.285879221487791,0.7333333333333334,0.7333333333333334
24.648264970597154,12.066962715502243,0.7333333333333334,0.7333333333333334
24.77844882317748,11.847754176915332,0.7333333333333334,0.7333333333333334
24.908586399038427,11.628358696691118,0.7333333333333334,0.7333333333333334
25.038806029434834,11.408891049248135,0.7333333333333334,0.7333333333333334
25.169236045621535,11.189465907073831,0.7333333333333334,0.7333333333333334
25.300004778853392,10.970197942655645,0.7333333333333334,0.7333333333333334
25.431240509419663,10.751201879446588,0.7333333333333334,0.7333333333333334
25.56307161954075,10.532592440899643,0.7333333333333334,0.7333333333333334
25.69562633854039,10.314484299502256,0.7333333333333334,0.7333333333333334
25.828997372753992,10.096971537659691,0.7333333333333334,0.7333333333333334
25.96256436950726,9.879734856201342,0.7333333333333334,0.7333333333333334
26.095049265703427,9.662073937505001,0.7333333333333334,0.7333333333333334
26.22514927995405,9.443274040697794,0.7333333333333334,0.7333333333333334
26.351561681836174,9.22262042490687,0.7333333333333334,0.7333333333333334
26.472983689961335,8.999398400224932,0.7333333333333334,0.7333333333333334
26.5881125739066,8.77289327674466,0.7333333333333334,0.7333333333333334
26.695645654214598,8.54239036455874,0.7333333333333334,0.7333333333333334
26.79427928308249,8.307175534380937,0.7333333333333334,0.7333333333333334
26.88223731109363,8.066903035920182,0.7333333333333334,0.7333333333333334
26.956473833119272,7.822216309244941,0.7333333333333334,0.7333333333333334
27.01373225244708,7.573922903494573,0.7333333333333334,0.7333333333333334
27.050755921399148,7.322830622636192,0.7333333333333334,0.7333333333333334
27.064712735328882,7.069771683135349,0.7333333333333334,0.7333333333333334
27.056615277783198,6.815801938290893,0.7333333333333334,0.7333333333333334
27.02952066631184,6.562095991133109,0.7333333333333334,0.7333333333333334
26.98650482475249,6.309829413037741,0.7333333333333334,0.7333333333333334
26.93063878425001,6.060166104269579,0.7333333333333334,0.7333333333333334
26.864708729490502,5.8135956399016875,0.7333333333333334,0.7333333333333334
26.791068453434022,5.5695842577291765,0.7333333333333334,0.7333333333333334
26.712035665431262,5.327512471492088,0.7333333333333334,0.7333333333333334
26.62992802386738,5.0867608458960145,0.7333333333333334,0.7333333333333334
26.5465555192842,4.846801938464271,0.7333333333333334,0.7333333333333334
26.461322007643655,4.607543501551384,0.7333333333333334,0.7333333333333334
26.372919458105624,4.369022179387799,0.7333333333333334,0.7333333333333334
26.280039839829985,4.1312745652383995,0.7333333333333334,0.7333333333333334
26.181139508239067,3.894765566850051,0.7333333333333334,0.7333333333333334
26.073565910318845,3.661976951678826,0.7333333333333334,0.7333333333333334
25.954340007742132,3.435983930044712,0.7333333333333334,0.7333333333333334
25.820482915078415,3.219861814198778,0.7333333333333334,0.7333333333333334
25.669145352290744,3.016628987872791,0.7333333333333334,0.7333333333333334
25.499871942190087,2.828253587710154,0.7333333333333334,0.7333333333333334
25.3143137137679,2.65577974493323,0.7333333333333334,0.7333333333333334
25.114193506475573,2.5002200430889183,0.7333333333333334,0.7333333333333334
24.90123512810993,2.3625830904112566,0.7333333333333334,0.7333333333333334
24.677533160843875,2.2423330860733377,0.7333333333333334,0.7333333333333334
24.446118067244495,2.13503699557273,0.7333333333333334,0.7333333333333334
24.210165663627432,2.0356565685010435,0.7333333333333334,0.7333333333333334
23.97285171534277,1.9391536054154306,0.7333333333333334,0.7333333333333334
23.737103581650015,1.8408321405411385,0.7333333333333334,0.7333333333333334
23.503747974735315,1.738890082996577,0.7333333333333334,0.7333333333333334
23.27255529479603,1.6329808670419075,0.7333333333333334,0.7333333333333334
23.043287736575973,1.5227689354960934,0.7333333333333334,0.7333333333333334
22.81563716235999,1.4081669843720244,0.7333333333333334,0.7333333333333334
22.588702807017825,1.2911760230928497,0.7333333333333334,0.7333333333333334
22.361287336883894,1.1748414980973612,0.7333333333333334,0.7333333333333334
22.132191328705048,1.0622168064501458,0.7333333333333334,0.7333333333333334
21.90022310599178,0.9563596772875532,0.7333333333333334,0.7333333333333334
21.66457466091478,0.8605468387141598,0.7333333333333334,0.7333333333333334
21.42498810779115,0.7783689666224087,0.7333333333333334,0.7333333333333334
21.181248015241163,0.7134411494031703,0.7333333333333334,0.7333333333333334
20.933139053816152,0.669378220619564,0.7333333333333334,0.7333333333333334
20.68070530871687,0.6483681313320454,0.7333333333333334,0.7333333333333334
20.42514069891702,0.6462786457141437,0.7333333333333334,0.7333333333333334
20.167957219387752,0.6572283902642133,0.7333333333333334,0.7333333333333334
19.91066676316908,0.6753361443772635,0.7333333333333334,0.7333333333333334
19.65473652651371,0.6950393750323033,0.7333333333333334,0.7333333333333334
19.400869681114646,0.7161993540023025,0.7333333333333334,0.7333333333333334
19.149130443564882,0.7432134399046973,0.7333333333333334,0.7333333333333334
18.899563561617267,0.7806187388949848,0.7333333333333334,0.7333333333333334
18.65219349873581,0.832664350805727,0.7333333333333334,0.7333333333333334
18.4067074793403,0.8987713579547586,0.7333333333333334,0.7333333333333334
18.16251333470558,0.9743593334691059,0.7333333333333334,0.7333333333333334
17.91901028292852,1.0547267563290719,0.7333333333333334,0.7333333333333334
17.675599173003622,1.1351798522785472,0.7333333333333334,0.7333333333333334
17.432169052928582,1.2132900618956433,0.7333333333333334,0.7333333333333334
17.189780566763943,1.2920671047686196,0.7333333333333334,0.7333333333333334
16.949666673094722,1.37531978934381,0.7333333333333334,0.7333333333333334
16.71306012664372,1.466857127929747,0.7333333333333334,0.7333333333333334
16.481145876447872,1.5701487532376646,0.7333333333333334,0.7333333333333334
16.254724999021715,1.6859568550674524,0.7333333333333334,0.7333333333333334
16.03441489103763,1.8137462441788224,0.7333333333333334,0.7333333333333334
15.820831827925934,1.95297388263678,0.7333333333333334,0.7333333333333334
15.614591983185838,2.103096477678586,0.7333333333333334,0.7333333333333334
15.416311632247632,2.2635709404036897,0.7333333333333334,0.7333333333333334
15.226606948610533,2.4338539780493647,0.7333333333333334,0.7333333333333334
15.046094156739295,2.6134025017150666,0.7333333333333334,0.7333333333333334
14.87536690336003,2.8016647073912058,0.7333333333333334,0.7333333333333334
14.714046055746477,2.997718475382074,0.7333333333333334,0.7333333333333334
14.560433594670089,3.2001395733936,0.7333333333333334,0.7333333333333334
14.412737316565975,3.407467940350081,0.7333333333333334,0.7333333333333334
14.269165017869247,3.6182435661413628,0.7333333333333334,0.7333333333333334
14.127924647911653,3.831006338726199,0.7333333333333334,0.7333333333333334
13.987223952162745,4.044296247994436,0.7333333333333334,0.7333333333333334
13.845270828988747,4.256653283835919,0.7333333333333334,0.7333333333333334
13.700273176755848,4.466617385174939,0.7333333333333334,0.7333333333333334
13.55056054859805,4.672827211206104,0.7333333333333334,0.7333333333333334
13.39637467411888,4.875471997016476,0.7333333333333334,0.7333333333333334
13.239476565966669,5.07597312082932,0.7333333333333334,0.7333333333333334
13.081669181437334,5.275785751027538,0.7333333333333334,0.7333333333333334
12.924752572790476,5.476362966406497,0.7333333333333334,0.7333333333333334
12.76984451646816,5.6786057869242095,0.7333333333333334,0.7333333333333334
12.616496515630594,5.8821487386217965,0.7333333333333334,0.7333333333333334
12.464041533159707,6.086449344185323,0.7333333333333334,0.7333333333333334
12.311813143524006,6.290965737887451,0.7333333333333334,0.7333333333333334
12.159318153096388,6.495296005401063,0.7333333333333334,0.7333333333333334
12.006459064779746,6.699357174810808,0.7333333333333334,0.7333333333333334
11.853193118477641,6.90311086905755,0.7333333333333334,0.7333333333333334
11.699477757955854,7.106518507219952,0.7333333333333334,0.7333333333333334
11.545270274083505,7.309541661273337,0.7333333333333334,0.7333333333333334
11.390528008695256,7.512141750296382,0.7333333333333334,0.7333333333333334
11.235208303625784,7.714280295298843,0.7333333333333334,0.7333333333333334
11.079268551675307,7.915918817290489,0.7333333333333334,0.7333333333333334
10.92266604371295,8.117018837281098,0.7333333333333334,0.7333333333333334
10.765358172538933,8.317541774349325,0.7333333333333334,0.7333333333333334
10.607302229022363,8.517449200470507,0.7333333333333334,0.7333333333333334
10.448455605963481,8.716702585688848,0.7333333333333334,0.7333333333333334
10.288775594231387,8.915263451014114,0.7333333333333334,0.7333333333333334
10.128219586626319,9.113093215524986,0.7333333333333334,0.7333333333333334
9.96674492498294,9.310153502162317,0.7333333333333334,0.7333333333333334
9.804308900170366,9.506405730004797,0.7333333333333334,0.7333333333333334
9.640868955954375,9.701811369096617,0.7333333333333334,0.7333333333333334
9.476160122440637,9.896156924748949,0.7333333333333334,0.7333333333333334
9.309028692474358,10.088528431754074,0.7333333333333334,0.7333333333333334
9.138098851033941,10.277837011136766,0.7333333333333334,0.7333333333333334
8.961994528270047,10.462993681990683,0.7333333333333334,0.7333333333333334
8.779107302390992,10.642354703398023,0.7333333333333334,0.7333333333333334
8.584379912838243,10.806049118605038,0.7333333333333334,0.7333333333333334
8.370142503030408,10.937947758079853,0.7333333333333334,0.7333333333333334
8.133925027587926,11.029124872158556,0.7333333333333334,0.7333333333333334
7.884833909049337,11.086845803852382,0.7333333333333334,0.7333333333333334
7.631087291382674,11.118263415203783,0.7333333333333334,0.7333333333333334
7.37558134293085,11.1255621916158,0.7333333333333334,0.7333333333333334
7.120507837170572,11.110269010000145,0.7333333333333334,0.7333333333333334
6.868058700475189,11.073910798234117,0.7333333333333334,0.7333333333333334
6.620150339454887,11.018211160252315,0.7333333333333334,0.7333333333333334
6.376736120631443,10.946297087373514,0.7333333333333334,0.7333333333333334
6.1369169097721725,10.861904813100871,0.7333333333333334,0.7333333333333334
5.899789852159273,10.76877311921505,0.7333333333333334,0.7333333333333334
5.664460706252864,10.670601798850976,0.7333333333333334,0.7333333333333334
5.430339443880878,10.569683537274326,0.7333333333333334,0.7333333333333334
5.197217463047266,10.466546133720634,0.7333333333333334,0.7333333333333334
4.964910523288862,10.36160556900881,0.7333333333333334,0.7333333333333334
4.733234231245858,10.255277772992184,0.7333333333333334,0.7333333333333334
4.502004295489542,10.147978624558576,0.7333333333333334,0.7333333333333334
4.271036373625648,10.040124155492448,0.7333333333333334,0.7333333333333334
4.0401461742254705,9.93213029564712,0.7333333333333334,0.7333333333333334
3.8091493039291926,9.824412923910423,0.7333333333333334,0.7333333333333334
3.577870543175998,9.717367074260187,0.7333333333333334,0.7333333333333334
3.346260761175713,9.611094728761946,0.7333333333333334,0.7333333333333334
3.1143636354046644,9.505482438101426,0.7333333333333334,0.7333333333333334
2.882224932926732,9.400411860271607,0.7333333333333334,0.7333333333333334
2.6498904208057925,9.29576460229989,0.7333333333333334,0.7333333333333334
2.4174059170712723,9.191422373144777,0.7333333333333334,0.7333333333333334
2.1848171887870547,9.087266728868116,0.7333333333333334,0.7333333333333334
1.952170053982566,8.983179378428432,0.7333333333333334,0.7333333333333334
1.7195102287561308,8.879042183680859,0.7333333333333334,0.7333333333333334
1.4868709936118887,8.774774313263157,0.7333333333333334,0.7333333333333334
1.2542593308301797,8.670373524691122,0.7333333333333334,0.7333333333333334
1.0216790628272594,8.56584741183169,0.7333333333333334,0.7333333333333334
0.7891340120193684,8.461203721448461,0.7333333333333334,0.7333333333333334
0.556627847926113,8.356449996442848,0.7333333333333334,0.7333333333333334
0.32416434199818434,8.251593932612879,0.7333333333333334,0.7333333333333334
0.09174736761738239,8.146643072859943,0.7333333333333334,0.7333333333333334
-0.1406194056966896,8.04160516394766,0.7333333333333334,0.7333333333333334
-0.3729322064933409,7.936487799742967,0.7333333333333334,0.7333333333333334
-0.6051872123563181,7.831298625078355,0.7333333333333334,0.7333333333333334
-0.8373807028004747,7.726045233820773,0.7333333333333334,0.7333333333333334
-1.0695089063751129,7.620735270802719,0.7333333333333334,0.7333333333333334
-1.301568000663983,7.515376431822232,0.7333333333333334,0.7333333333333334
-1.5335543161474894,7.409976310746274,0.7333333333333334,0.7333333333333334
-1.7654639794438323,7.304542552407329,0.7333333333333334,0.7333333333333334
-1.9972933210334132,7.199082750672344,0.7333333333333334,0.7333333333333334
-2.229038518499982,7.093604652304916,0.7333333333333334,0.7333333333333334
-2.4607197032357857,6.988135014218794,0.7333333333333334,0.7333333333333334
-2.6924445144823657,6.882771384476613,0.7333333333333334,0.7333333333333334
-2.9243405699768634,6.777627314323728,0.7333333333333334,0.7333333333333334
-3.15653553842197,6.672816355005486,0.7333333333333334,0.7333333333333334
-3.3891570375548237,6.568452108732779,0.7333333333333334,0.7333333333333334
-3.622332736078111,6.464648075785406,0.7333333333333334,0.7333333333333334
-3.856190302694522,6.361517960305357,0.7333333333333334,0.7333333333333334
-4.090857304175649,6.25917526257243,0.7333333333333334,0.7333333333333334
-4.326448311077832,6.157716970028236,0.7333333333333334,0.7333333333333334
-4.561200475992966,6.054868337280709,0.7333333333333334,0.7333333333333334
-4.789536231062816,5.94353531653208,0.7333333333333334,0.7333333333333334
-5.005415394132014,5.816039285126371,0.7333333333333334,0.7333333333333334
-5.202797732079647,5.664701671373152,0.7333333333333334,0.7333333333333334
-5.377163212209471,5.483546356813366,0.7333333333333334,0.7333333333333334
-5.5339672889219855,5.277768769611542,0.7333333333333334,0.7333333333333334
-5.676722405990405,5.056100786479461,0.7333333333333334,0.7333333333333334
-5.769941149035585,4.820960315039063,0.7333333333333334,0.7333333333333334
-5.7665622350033,4.577446968220908,0.7333333333333334,0.7333333333333334
-5.650429941310114,4.361138471358717,0.7333333333333334,0.7333333333333334
-5.467586189045186,4.181695752174764,0.7333333333333334,0.7333333333333334
-5.266708378852475,4.023468207651436,0.7333333333333334,0.7333333333333334
-5.06148142345259,3.8713149922019494,0.7333333333333334,0.7333333333333334
-4.857967012462986,3.7174608524875814,0.7333333333333334,0.7333333333333334
-4.6558648058976555,3.562149607699404,0.7333333333333334,0.7333333333333334
-4.454551138321551,3.406032852393866,0.7333333333333334,0.7333333333333334
-4.2534024462307185,3.2497621301618476,0.7333333333333334,0.7333333333333334
-4.051932416347288,3.09384495595001,0.7333333333333334,0.7333333333333334
-3.8501035380264805,2.938318381713188,0.7333333333333334,0.7333333333333334
-3.6479700386134666,2.7831234403100584,0.7333333333333334,0.7333333333333334
-3.4455860435223227,2.628201113633752,0.7333333333333334,0.7333333333333334
-3.243005678167124,2.4734923835773848,0.7333333333333334,0.7333333333333334
-3.040283118927491,2.3189382829996474,0.7333333333333334,0.7333333333333334
-2.8374724912175022,2.1644798447592195,0.7333333333333334,0.7333333333333334
-2.6346279714167777,2.010058050749219,0.7333333333333334,0.7333333333333334
-2.431800830868596,1.8556169917613234,0.7333333333333334,0.7333333333333334
-2.2290096719986967,1.7011364344722082,0.7333333333333334,0.7333333333333334
-2.0262524561850817,1.5466187232971533,0.7333333333333334,0.7333333333333334
-1.823526584184702,1.3920666103758668,0.7333333333333334,0.7333333333333334
-1.6208297115822567,1.2374828478480409,0.7333333333333334,0.7333333333333334
-1.4181592901002509,1.082870085922283,0.7333333333333334,0.7333333333333334
-1.2155129243578322,0.9282311277038366,0.7333333333333334,0.7333333333333334
-1.0128880151119535,0.7735686743668518,0.7333333333333334,0.7333333333333334
-0.8102821669817656,0.6188855290165788,0.7333333333333334,0.7333333333333334
-0.607692933620871,0.4641842908960614,0.7333333333333334,0.7333333333333334
-0.4051178177173187,0.30946786504164975,0.7333333333333334,0.7333333333333334
-0.20255432195916226,0.15473879973085,0.7333333333333334,0.7333333333333334
